{
    "dc_per_class_pp_all": {
        "1": 0.6043381442929101,
        "2": 0.5735184713759185,
        "3": 0.35693385360041535
    },
    "dc_per_class_pp_per_class": {
        "1": 0.6283766212139954,
        "2": 0.6360794658894677,
        "3": 0.4136369694948738
    },
    "dc_per_class_raw": {
        "1": 0.8601298613822027,
        "2": 0.6517346613156585,
        "3": 0.4787698221722576
    },
    "for_which_classes": [],
    "min_valid_object_sizes": "None",
    "num_samples": 644,
    "validation_final": "cv_niftis_postprocessed",
    "validation_raw": "cv_niftis_raw"
}